timestamp,elapsed_sec,participant_id,player,team,item_id,quantity,confidence
2026-08-01T11:13:37.648Z,193.853,1,Kiin,Gen.G,2055,1,observed_inventory_increase_lower_bound
2026-08-01T11:28:02.033Z,1058.238,1,Kiin,Gen.G,2055,1,observed_inventory_increase_lower_bound
2026-08-01T11:35:13.503Z,1489.708,1,Kiin,Gen.G,2055,1,observed_inventory_increase_lower_bound
2026-08-01T11:36:43.357Z,1579.562,1,Kiin,Gen.G,2055,1,observed_inventory_increase_lower_bound
2026-08-01T11:38:01.017Z,1657.222,1,Kiin,Gen.G,2055,1,observed_inventory_increase_lower_bound
2026-08-01T11:16:26.899Z,363.104,2,Canyon,Gen.G,2055,1,observed_inventory_increase_lower_bound
2026-08-01T11:20:33.260Z,609.465,2,Canyon,Gen.G,2055,1,observed_inventory_increase_lower_bound
2026-08-01T11:22:04.107Z,700.312,2,Canyon,Gen.G,2055,1,observed_inventory_increase_lower_bound
2026-08-01T11:24:15.151Z,831.356,2,Canyon,Gen.G,2055,1,observed_inventory_increase_lower_bound
2026-08-01T11:26:51.627Z,987.832,2,Canyon,Gen.G,2055,1,observed_inventory_increase_lower_bound
2026-08-01T11:29:31.346Z,1147.551,2,Canyon,Gen.G,2055,1,observed_inventory_increase_lower_bound
2026-08-01T11:31:02.210Z,1238.415,2,Canyon,Gen.G,2055,1,observed_inventory_increase_lower_bound
2026-08-01T11:33:48.307Z,1404.512,2,Canyon,Gen.G,2055,1,observed_inventory_increase_lower_bound
2026-08-01T11:34:15.634Z,1431.839,2,Canyon,Gen.G,2055,1,observed_inventory_increase_lower_bound
2026-08-01T11:37:56.942Z,1653.147,2,Canyon,Gen.G,2055,1,observed_inventory_increase_lower_bound
2026-08-01T11:37:57.075Z,1653.28,2,Canyon,Gen.G,2055,1,observed_inventory_increase_lower_bound
2026-08-01T11:39:44.072Z,1760.277,2,Canyon,Gen.G,2055,1,observed_inventory_increase_lower_bound
2026-08-01T11:39:44.839Z,1761.044,2,Canyon,Gen.G,2055,1,observed_inventory_increase_lower_bound
2026-08-01T11:42:58.917Z,1955.122,2,Canyon,Gen.G,2055,1,observed_inventory_increase_lower_bound
2026-08-01T11:42:59.050Z,1955.255,2,Canyon,Gen.G,2055,1,observed_inventory_increase_lower_bound
2026-08-01T11:14:46.094Z,262.299,3,Chovy,Gen.G,2055,1,observed_inventory_increase_lower_bound
2026-08-01T11:32:32.393Z,1328.598,3,Chovy,Gen.G,2055,1,observed_inventory_increase_lower_bound
2026-08-01T11:33:22.068Z,1378.273,3,Chovy,Gen.G,2055,1,observed_inventory_increase_lower_bound
2026-08-01T11:39:59.684Z,1775.889,3,Chovy,Gen.G,2055,1,observed_inventory_increase_lower_bound
2026-08-01T11:16:40.059Z,376.264,4,Ruler,Gen.G,2055,1,observed_inventory_increase_lower_bound
2026-08-01T11:22:13.427Z,709.632,4,Ruler,Gen.G,2055,1,observed_inventory_increase_lower_bound
2026-08-01T11:23:10.589Z,766.794,4,Ruler,Gen.G,2055,1,observed_inventory_increase_lower_bound
2026-08-01T11:25:47.155Z,923.36,4,Ruler,Gen.G,2055,1,observed_inventory_increase_lower_bound
2026-08-01T11:30:12.800Z,1189.005,4,Ruler,Gen.G,2055,1,observed_inventory_increase_lower_bound
2026-08-01T11:38:23.235Z,1679.44,4,Ruler,Gen.G,2055,1,observed_inventory_increase_lower_bound
2026-08-01T11:38:23.368Z,1679.573,4,Ruler,Gen.G,2055,1,observed_inventory_increase_lower_bound
2026-08-01T11:16:38.591Z,374.796,5,Duro,Gen.G,2055,1,observed_inventory_increase_lower_bound
2026-08-01T11:19:23.611Z,539.816,5,Duro,Gen.G,2055,1,observed_inventory_increase_lower_bound
2026-08-01T11:20:14.051Z,590.256,5,Duro,Gen.G,2055,1,observed_inventory_increase_lower_bound
2026-08-01T11:22:10.689Z,706.894,5,Duro,Gen.G,2055,1,observed_inventory_increase_lower_bound
2026-08-01T11:23:33.159Z,789.364,5,Duro,Gen.G,2055,1,observed_inventory_increase_lower_bound
2026-08-01T11:24:36.567Z,852.772,5,Duro,Gen.G,2055,1,observed_inventory_increase_lower_bound
2026-08-01T11:24:36.699Z,852.904,5,Duro,Gen.G,2055,1,observed_inventory_increase_lower_bound
2026-08-01T11:27:32.201Z,1028.406,5,Duro,Gen.G,2055,1,observed_inventory_increase_lower_bound
2026-08-01T11:29:01.293Z,1117.498,5,Duro,Gen.G,2055,1,observed_inventory_increase_lower_bound
2026-08-01T11:29:01.459Z,1117.664,5,Duro,Gen.G,2055,1,observed_inventory_increase_lower_bound
2026-08-01T11:30:18.883Z,1195.088,5,Duro,Gen.G,2055,1,observed_inventory_increase_lower_bound
2026-08-01T11:30:19.015Z,1195.22,5,Duro,Gen.G,2055,1,observed_inventory_increase_lower_bound
2026-08-01T11:31:27.822Z,1264.027,5,Duro,Gen.G,2055,1,observed_inventory_increase_lower_bound
2026-08-01T11:33:03.463Z,1359.668,5,Duro,Gen.G,2055,1,observed_inventory_increase_lower_bound
2026-08-01T11:33:03.594Z,1359.799,5,Duro,Gen.G,2055,1,observed_inventory_increase_lower_bound
2026-08-01T11:34:43.933Z,1460.138,5,Duro,Gen.G,2055,1,observed_inventory_increase_lower_bound
2026-08-01T11:34:44.030Z,1460.235,5,Duro,Gen.G,2055,1,observed_inventory_increase_lower_bound
2026-08-01T11:35:43.232Z,1519.437,5,Duro,Gen.G,2055,1,observed_inventory_increase_lower_bound
2026-08-01T11:37:37.937Z,1634.142,5,Duro,Gen.G,2055,1,observed_inventory_increase_lower_bound
2026-08-01T11:37:38.036Z,1634.241,5,Duro,Gen.G,2055,1,observed_inventory_increase_lower_bound
2026-08-01T11:39:33.384Z,1749.589,5,Duro,Gen.G,2055,1,observed_inventory_increase_lower_bound
2026-08-01T11:39:33.482Z,1749.687,5,Duro,Gen.G,2055,1,observed_inventory_increase_lower_bound
2026-08-01T11:41:47.061Z,1883.266,5,Duro,Gen.G,2055,1,observed_inventory_increase_lower_bound
2026-08-01T11:42:52.703Z,1948.908,5,Duro,Gen.G,2055,1,observed_inventory_increase_lower_bound
2026-08-01T11:42:52.800Z,1949.005,5,Duro,Gen.G,2055,1,observed_inventory_increase_lower_bound
2026-08-01T11:16:01.045Z,337.25,6,Siwoo,Dplus KIA,2055,1,observed_inventory_increase_lower_bound
2026-08-01T11:24:27.043Z,843.248,6,Siwoo,Dplus KIA,2055,1,observed_inventory_increase_lower_bound
2026-08-01T11:28:14.159Z,1070.364,6,Siwoo,Dplus KIA,2055,1,observed_inventory_increase_lower_bound
2026-08-01T11:35:03.105Z,1479.31,6,Siwoo,Dplus KIA,2055,1,observed_inventory_increase_lower_bound
2026-08-01T11:42:45.620Z,1941.825,6,Siwoo,Dplus KIA,2055,1,observed_inventory_increase_lower_bound
2026-08-01T11:13:48.239Z,204.444,7,Lucid,Dplus KIA,2055,1,observed_inventory_increase_lower_bound
2026-08-01T11:15:56.504Z,332.709,7,Lucid,Dplus KIA,2055,1,observed_inventory_increase_lower_bound
2026-08-01T11:18:36.892Z,493.097,7,Lucid,Dplus KIA,2055,1,observed_inventory_increase_lower_bound
2026-08-01T11:26:27.206Z,963.411,7,Lucid,Dplus KIA,2055,1,observed_inventory_increase_lower_bound
2026-08-01T11:30:13.835Z,1190.04,7,Lucid,Dplus KIA,2055,1,observed_inventory_increase_lower_bound
2026-08-01T11:30:13.902Z,1190.107,7,Lucid,Dplus KIA,2055,1,observed_inventory_increase_lower_bound
2026-08-01T11:32:37.570Z,1333.775,7,Lucid,Dplus KIA,2055,1,observed_inventory_increase_lower_bound
2026-08-01T11:32:38.071Z,1334.276,7,Lucid,Dplus KIA,2055,1,observed_inventory_increase_lower_bound
2026-08-01T11:35:06.486Z,1482.691,7,Lucid,Dplus KIA,2055,1,observed_inventory_increase_lower_bound
2026-08-01T11:36:31.066Z,1567.271,7,Lucid,Dplus KIA,2055,1,observed_inventory_increase_lower_bound
2026-08-01T11:36:31.165Z,1567.37,7,Lucid,Dplus KIA,2055,1,observed_inventory_increase_lower_bound
2026-08-01T11:38:19.059Z,1675.264,7,Lucid,Dplus KIA,2055,1,observed_inventory_increase_lower_bound
2026-08-01T11:38:19.159Z,1675.364,7,Lucid,Dplus KIA,2055,1,observed_inventory_increase_lower_bound
2026-08-01T11:40:05.430Z,1781.635,7,Lucid,Dplus KIA,2055,1,observed_inventory_increase_lower_bound
2026-08-01T11:40:05.530Z,1781.735,7,Lucid,Dplus KIA,2055,1,observed_inventory_increase_lower_bound
2026-08-01T11:19:39.410Z,555.615,8,ShowMaker,Dplus KIA,2055,1,observed_inventory_increase_lower_bound
2026-08-01T11:22:27.957Z,724.162,8,ShowMaker,Dplus KIA,2055,1,observed_inventory_increase_lower_bound
2026-08-01T11:28:02.935Z,1059.14,8,ShowMaker,Dplus KIA,2055,1,observed_inventory_increase_lower_bound
2026-08-01T11:28:03.035Z,1059.24,8,ShowMaker,Dplus KIA,2055,1,observed_inventory_increase_lower_bound
2026-08-01T11:30:13.367Z,1189.572,8,ShowMaker,Dplus KIA,2055,1,observed_inventory_increase_lower_bound
2026-08-01T11:34:40.455Z,1456.66,8,ShowMaker,Dplus KIA,2055,1,observed_inventory_increase_lower_bound
2026-08-01T11:34:40.588Z,1456.793,8,ShowMaker,Dplus KIA,2055,1,observed_inventory_increase_lower_bound
2026-08-01T11:40:10.207Z,1786.412,8,ShowMaker,Dplus KIA,2055,1,observed_inventory_increase_lower_bound
2026-08-01T11:23:41.209Z,797.414,9,Smash,Dplus KIA,2055,1,observed_inventory_increase_lower_bound
2026-08-01T11:28:20.407Z,1076.612,9,Smash,Dplus KIA,2055,1,observed_inventory_increase_lower_bound
2026-08-01T11:32:33.095Z,1329.3,9,Smash,Dplus KIA,2055,1,observed_inventory_increase_lower_bound
2026-08-01T11:32:33.229Z,1329.434,9,Smash,Dplus KIA,2055,1,observed_inventory_increase_lower_bound
2026-08-01T11:34:52.516Z,1468.721,9,Smash,Dplus KIA,2055,1,observed_inventory_increase_lower_bound
2026-08-01T11:34:52.616Z,1468.821,9,Smash,Dplus KIA,2055,1,observed_inventory_increase_lower_bound
2026-08-01T11:38:18.157Z,1674.362,9,Smash,Dplus KIA,2055,1,observed_inventory_increase_lower_bound
2026-08-01T11:15:39.770Z,315.975,10,Career,Dplus KIA,2055,1,observed_inventory_increase_lower_bound
2026-08-01T11:18:09.271Z,465.476,10,Career,Dplus KIA,2055,1,observed_inventory_increase_lower_bound
2026-08-01T11:20:09.708Z,585.913,10,Career,Dplus KIA,2055,1,observed_inventory_increase_lower_bound
2026-08-01T11:22:20.409Z,716.614,10,Career,Dplus KIA,2055,1,observed_inventory_increase_lower_bound
2026-08-01T11:24:49.205Z,865.41,10,Career,Dplus KIA,2055,1,observed_inventory_increase_lower_bound
2026-08-01T11:24:49.499Z,865.704,10,Career,Dplus KIA,2055,1,observed_inventory_increase_lower_bound
2026-08-01T11:26:01.918Z,938.123,10,Career,Dplus KIA,2055,1,observed_inventory_increase_lower_bound
2026-08-01T11:27:50.743Z,1046.948,10,Career,Dplus KIA,2055,1,observed_inventory_increase_lower_bound
2026-08-01T11:27:50.975Z,1047.18,10,Career,Dplus KIA,2055,1,observed_inventory_increase_lower_bound
2026-08-01T11:28:45.091Z,1101.296,10,Career,Dplus KIA,2055,1,observed_inventory_increase_lower_bound
2026-08-01T11:30:13.233Z,1189.438,10,Career,Dplus KIA,2055,1,observed_inventory_increase_lower_bound
2026-08-01T11:32:35.033Z,1331.238,10,Career,Dplus KIA,2055,1,observed_inventory_increase_lower_bound
2026-08-01T11:32:35.265Z,1331.47,10,Career,Dplus KIA,2055,1,observed_inventory_increase_lower_bound
2026-08-01T11:33:59.665Z,1415.87,10,Career,Dplus KIA,2055,1,observed_inventory_increase_lower_bound
2026-08-01T11:35:34.512Z,1510.717,10,Career,Dplus KIA,2055,1,observed_inventory_increase_lower_bound
2026-08-01T11:37:34.796Z,1631.001,10,Career,Dplus KIA,2055,1,observed_inventory_increase_lower_bound
2026-08-01T11:39:33.284Z,1749.489,10,Career,Dplus KIA,2055,1,observed_inventory_increase_lower_bound
2026-08-01T11:39:33.550Z,1749.755,10,Career,Dplus KIA,2055,1,observed_inventory_increase_lower_bound
2026-08-01T11:40:36.091Z,1812.296,10,Career,Dplus KIA,2055,1,observed_inventory_increase_lower_bound
