minute,timestamp,participant_id,player,team,level,kills,deaths,assists,cs,gold,wards_placed,wards_destroyed,item_ids
0,2026-08-01T11:10:24.155Z,1,Kiin,Gen.G,1,0,0,0,0,500,0,0,[]
0,2026-08-01T11:10:24.155Z,2,Canyon,Gen.G,1,0,0,0,0,500,0,0,[]
0,2026-08-01T11:10:24.155Z,3,Chovy,Gen.G,1,0,0,0,0,500,0,0,[]
0,2026-08-01T11:10:24.155Z,4,Ruler,Gen.G,1,0,0,0,0,500,0,0,[]
0,2026-08-01T11:10:24.155Z,5,Duro,Gen.G,1,0,0,0,0,500,0,0,[3865]
0,2026-08-01T11:10:24.155Z,6,Siwoo,Dplus KIA,1,0,0,0,0,500,0,0,[]
0,2026-08-01T11:10:24.155Z,7,Lucid,Dplus KIA,1,0,0,0,0,500,0,0,[]
0,2026-08-01T11:10:24.155Z,8,ShowMaker,Dplus KIA,1,0,0,0,0,500,0,0,[]
0,2026-08-01T11:10:24.155Z,9,Smash,Dplus KIA,1,0,0,0,0,500,0,0,[]
0,2026-08-01T11:10:24.155Z,10,Career,Dplus KIA,1,0,0,0,0,500,0,0,[3865]
1,2026-08-01T11:11:23.463Z,1,Kiin,Gen.G,1,0,0,0,0,500,1,0,"[1055,2003,3340]"
1,2026-08-01T11:11:23.463Z,2,Canyon,Gen.G,1,0,0,0,0,505,1,0,"[1102,2003,3340]"
1,2026-08-01T11:11:23.463Z,3,Chovy,Gen.G,1,0,0,0,0,500,1,0,"[1056,2003,2003,3340]"
1,2026-08-01T11:11:23.463Z,4,Ruler,Gen.G,1,0,0,0,0,505,1,0,"[1055,2003,3340]"
1,2026-08-01T11:11:23.463Z,5,Duro,Gen.G,1,0,0,0,0,505,1,0,"[3865,2003,2003,3364]"
1,2026-08-01T11:11:23.463Z,6,Siwoo,Dplus KIA,1,0,0,0,0,500,1,0,"[3340,1055,2003]"
1,2026-08-01T11:11:23.463Z,7,Lucid,Dplus KIA,1,0,0,0,0,500,0,0,"[1102,2003,3340]"
1,2026-08-01T11:11:23.463Z,8,ShowMaker,Dplus KIA,1,0,0,0,0,505,1,0,"[1056,2003,2003,3340]"
1,2026-08-01T11:11:23.463Z,9,Smash,Dplus KIA,1,0,0,0,0,505,1,0,"[1055,2003,3340]"
1,2026-08-01T11:11:23.463Z,10,Career,Dplus KIA,1,0,0,0,0,500,1,0,"[3865,2003,2003,3364]"
2,2026-08-01T11:12:23.722Z,1,Kiin,Gen.G,2,0,0,0,4,692,1,0,"[1055,2003,3340]"
2,2026-08-01T11:12:23.722Z,2,Canyon,Gen.G,3,0,0,0,12,872,1,0,"[1102,2003,3340]"
2,2026-08-01T11:12:23.722Z,3,Chovy,Gen.G,2,0,0,0,9,768,1,0,"[1056,3340]"
2,2026-08-01T11:12:23.722Z,4,Ruler,Gen.G,2,0,0,0,9,779,1,0,"[1055,2003,3340]"
2,2026-08-01T11:12:23.722Z,5,Duro,Gen.G,2,0,0,0,1,692,1,0,"[3865,2003,3364]"
2,2026-08-01T11:12:23.722Z,6,Siwoo,Dplus KIA,2,0,0,0,11,796,1,0,"[3340,1055,2003]"
2,2026-08-01T11:12:23.722Z,7,Lucid,Dplus KIA,3,0,0,0,12,867,0,0,"[1102,2003,3340]"
2,2026-08-01T11:12:23.722Z,8,ShowMaker,Dplus KIA,3,0,0,0,14,861,1,0,"[1056,2003,3340]"
2,2026-08-01T11:12:23.722Z,9,Smash,Dplus KIA,2,0,0,0,7,745,1,0,"[1055,2003,3340]"
2,2026-08-01T11:12:23.722Z,10,Career,Dplus KIA,2,0,0,0,0,694,1,0,"[3865,2003,2003,3364]"
3,2026-08-01T11:13:23.819Z,1,Kiin,Gen.G,4,0,0,0,18,1076,1,0,"[1055,3340]"
3,2026-08-01T11:13:23.819Z,2,Canyon,Gen.G,4,0,0,0,23,1288,2,0,"[1102,3340]"
3,2026-08-01T11:13:23.819Z,3,Chovy,Gen.G,3,0,0,0,18,1064,1,0,"[1056,3340,1082,2031]"
3,2026-08-01T11:13:23.819Z,4,Ruler,Gen.G,3,0,0,0,23,1169,1,0,"[1055,3340]"
3,2026-08-01T11:13:23.819Z,5,Duro,Gen.G,3,0,0,0,2,870,1,0,"[3865,3364]"
3,2026-08-01T11:13:23.819Z,6,Siwoo,Dplus KIA,3,0,0,0,20,1080,1,0,"[3340,1055,2003]"
3,2026-08-01T11:13:23.819Z,7,Lucid,Dplus KIA,4,0,0,0,23,1283,1,0,"[1102,3340]"
3,2026-08-01T11:13:23.819Z,8,ShowMaker,Dplus KIA,4,0,0,0,25,1197,1,0,"[1056,3340,1082,2031]"
3,2026-08-01T11:13:23.819Z,9,Smash,Dplus KIA,3,0,0,0,22,1149,1,0,"[1055,2003,3340]"
3,2026-08-01T11:13:23.819Z,10,Career,Dplus KIA,3,0,0,0,0,901,1,0,"[3865,3364]"
4,2026-08-01T11:14:23.811Z,1,Kiin,Gen.G,5,0,1,0,27,1386,2,0,"[1055,3340,1001,2031,2055]"
4,2026-08-01T11:14:23.811Z,2,Canyon,Gen.G,4,0,0,0,27,1479,2,0,"[1102,3340,1011]"
4,2026-08-01T11:14:23.811Z,3,Chovy,Gen.G,4,0,0,0,27,1374,1,0,"[1056,3340,1082,2031]"
4,2026-08-01T11:14:23.811Z,4,Ruler,Gen.G,3,0,0,0,32,1533,2,0,"[1055,3340,6690,2003]"
4,2026-08-01T11:14:23.811Z,5,Duro,Gen.G,3,0,0,0,3,1030,1,0,"[3865,3364,1028]"
4,2026-08-01T11:14:23.811Z,6,Siwoo,Dplus KIA,4,0,0,1,29,1573,1,0,"[3340,1055,2003,1001,1029,1036]"
4,2026-08-01T11:14:23.811Z,7,Lucid,Dplus KIA,4,1,0,0,27,1889,2,0,"[1102,3340,2055,2021]"
4,2026-08-01T11:14:23.811Z,8,ShowMaker,Dplus KIA,5,0,0,0,36,1541,1,0,"[1056,3340,1082,2031]"
4,2026-08-01T11:14:23.811Z,9,Smash,Dplus KIA,3,0,0,0,26,1340,1,0,"[1055,2003,3340,3070,1036]"
4,2026-08-01T11:14:23.811Z,10,Career,Dplus KIA,3,0,0,0,0,1041,1,0,"[3865,3364,1001,2031]"
5,2026-08-01T11:15:23.499Z,1,Kiin,Gen.G,5,0,1,0,34,1630,2,0,"[1055,3340,1001,2031,2055]"
5,2026-08-01T11:15:23.499Z,2,Canyon,Gen.G,5,0,0,0,40,1881,2,0,"[1102,3340,1011]"
5,2026-08-01T11:15:23.499Z,3,Chovy,Gen.G,5,0,0,0,35,1632,2,0,"[1056,3340,1082,2031,1052]"
5,2026-08-01T11:15:23.499Z,4,Ruler,Gen.G,4,0,0,0,41,1811,2,0,"[1055,3340,6690]"
5,2026-08-01T11:15:23.499Z,5,Duro,Gen.G,4,0,0,0,7,1252,1,0,"[3865,3364,1028]"
5,2026-08-01T11:15:23.499Z,6,Siwoo,Dplus KIA,5,0,0,1,42,1919,1,0,"[3340,1055,1001,1029,1036]"
5,2026-08-01T11:15:23.499Z,7,Lucid,Dplus KIA,5,1,0,0,40,2291,2,0,"[1102,3340,2055,2021]"
5,2026-08-01T11:15:23.499Z,8,ShowMaker,Dplus KIA,5,0,0,0,46,1827,1,0,"[1056,3340,1082,2031,1001,1027]"
5,2026-08-01T11:15:23.499Z,9,Smash,Dplus KIA,4,0,0,0,38,1666,2,0,"[1055,2003,3340,3070,1036]"
5,2026-08-01T11:15:23.499Z,10,Career,Dplus KIA,3,0,0,0,3,1253,1,0,"[3865,3364,1001,2031]"
6,2026-08-01T11:16:23.794Z,1,Kiin,Gen.G,6,0,2,0,35,1777,2,0,"[1055,3340,1001,2031,2055,1036,1042]"
6,2026-08-01T11:16:23.794Z,2,Canyon,Gen.G,5,0,1,1,44,2149,2,0,"[1102,3340,1011]"
6,2026-08-01T11:16:23.794Z,3,Chovy,Gen.G,6,2,0,0,48,2609,3,0,"[1056,3340,1082,2031,1052]"
6,2026-08-01T11:16:23.794Z,4,Ruler,Gen.G,5,0,0,1,54,2244,2,0,"[1055,3340,6690]"
6,2026-08-01T11:16:23.794Z,5,Duro,Gen.G,5,0,0,1,8,1458,1,0,"[3865,3364,1028]"
6,2026-08-01T11:16:23.794Z,6,Siwoo,Dplus KIA,6,0,0,2,46,2376,1,0,"[3340,1055,1036,3047,2031,2055]"
6,2026-08-01T11:16:23.794Z,7,Lucid,Dplus KIA,5,2,0,0,40,2624,5,0,"[1102,3340,2021,1028,1036]"
6,2026-08-01T11:16:23.794Z,8,ShowMaker,Dplus KIA,6,1,1,0,55,2441,2,0,"[1056,3340,1082,2031,1001,1027]"
6,2026-08-01T11:16:23.794Z,9,Smash,Dplus KIA,5,0,0,0,50,2024,2,0,"[1055,2003,3340,3070,1036]"
6,2026-08-01T11:16:23.794Z,10,Career,Dplus KIA,4,0,1,1,3,1610,1,0,"[3865,3364,1001,2031,2055]"
7,2026-08-01T11:17:23.644Z,1,Kiin,Gen.G,6,0,2,0,44,2209,3,0,"[1055,3340,1001,2031,2055,1036,1042]"
7,2026-08-01T11:17:23.644Z,2,Canyon,Gen.G,6,0,1,1,52,2461,2,0,"[1102,3340,1011,1028,2055]"
7,2026-08-01T11:17:23.644Z,3,Chovy,Gen.G,6,2,0,0,50,2810,4,0,"[1056,3340,1082,2031,1052,1026,1001]"
7,2026-08-01T11:17:23.644Z,4,Ruler,Gen.G,6,0,0,1,61,2522,2,0,"[1055,3340,6690,1001,1036,2055,2003]"
7,2026-08-01T11:17:23.644Z,5,Duro,Gen.G,5,0,1,1,8,1642,1,0,"[3865,3364,1011,2055]"
7,2026-08-01T11:17:23.644Z,6,Siwoo,Dplus KIA,7,0,0,2,63,2818,2,0,"[3340,1055,1036,3047,2031,2055]"
7,2026-08-01T11:17:23.644Z,7,Lucid,Dplus KIA,6,3,0,0,48,3265,5,0,"[1102,3340,2021,1028,1036]"
7,2026-08-01T11:17:23.644Z,8,ShowMaker,Dplus KIA,7,1,1,0,63,2734,3,1,"[1056,3340,1082,2031,1001,1027,1028]"
7,2026-08-01T11:17:23.644Z,9,Smash,Dplus KIA,6,0,0,0,59,2297,2,0,"[1055,2003,3340,3070,3044,1042]"
7,2026-08-01T11:17:23.644Z,10,Career,Dplus KIA,4,0,1,1,6,1820,2,1,"[3865,3364,1001,2031,1028]"
8,2026-08-01T11:18:23.566Z,1,Kiin,Gen.G,6,0,3,0,46,2375,3,1,"[1055,3340,1001,2031,2055,1036,1042]"
8,2026-08-01T11:18:23.566Z,2,Canyon,Gen.G,7,0,1,1,64,2853,2,0,"[1102,3340,1011,1028,2055]"
8,2026-08-01T11:18:23.566Z,3,Chovy,Gen.G,7,2,0,0,58,3083,4,1,"[1056,3340,1082,2031,1052,1026,1001]"
8,2026-08-01T11:18:23.566Z,4,Ruler,Gen.G,6,0,0,1,70,2919,3,0,"[1055,3340,6690,1001,2055,2003,3134]"
8,2026-08-01T11:18:23.566Z,5,Duro,Gen.G,5,0,1,1,13,1936,2,0,"[3364,1011,2055,1028]"
8,2026-08-01T11:18:23.566Z,6,Siwoo,Dplus KIA,7,1,0,2,69,3215,4,0,"[3340,1055,3047,2031,3044]"
8,2026-08-01T11:18:23.566Z,7,Lucid,Dplus KIA,7,3,0,0,66,3752,5,0,"[1102,3340,2021,1028,1036]"
8,2026-08-01T11:18:23.566Z,8,ShowMaker,Dplus KIA,7,1,1,0,74,3040,3,1,"[1056,3340,1082,2031,1001,1027,1028]"
8,2026-08-01T11:18:23.566Z,9,Smash,Dplus KIA,6,0,0,0,69,2583,3,0,"[1055,2003,3340,3070,3044,1042]"
8,2026-08-01T11:18:23.566Z,10,Career,Dplus KIA,4,0,1,2,9,2122,3,1,"[3364,1001,2031,1028,1028,2055]"
9,2026-08-01T11:19:23.811Z,1,Kiin,Gen.G,7,0,3,0,56,2708,4,1,"[1055,3340,1001,2031,1036,1042]"
9,2026-08-01T11:19:23.811Z,2,Canyon,Gen.G,7,0,1,1,68,3051,5,0,"[1102,3340,1011,1028]"
9,2026-08-01T11:19:23.811Z,3,Chovy,Gen.G,7,2,0,0,68,3366,4,2,"[1056,3340,1082,2031,1052,1026,1001]"
9,2026-08-01T11:19:23.811Z,4,Ruler,Gen.G,7,0,0,2,83,3455,4,0,"[1055,3340,6690,1001,2055,3134]"
9,2026-08-01T11:19:23.811Z,5,Duro,Gen.G,6,1,1,1,14,2521,5,1,"[3364,1011,3067,2055]"
9,2026-08-01T11:19:23.811Z,6,Siwoo,Dplus KIA,8,1,0,2,79,3547,4,0,"[3340,1055,3047,2031,3044]"
9,2026-08-01T11:19:23.811Z,7,Lucid,Dplus KIA,7,3,0,0,68,3969,6,0,"[1102,3340,6610]"
9,2026-08-01T11:19:23.811Z,8,ShowMaker,Dplus KIA,8,1,1,0,92,3650,3,2,"[1056,3340,1082,2031,1001,1027,1028]"
9,2026-08-01T11:19:23.811Z,9,Smash,Dplus KIA,7,0,1,0,79,2922,3,0,"[1055,3340,3070,3044,1042,1036,1001]"
9,2026-08-01T11:19:23.811Z,10,Career,Dplus KIA,5,0,1,2,14,2405,7,3,"[3364,1001,2031,1028,1028]"
10,2026-08-01T11:20:23.604Z,1,Kiin,Gen.G,8,0,3,0,67,3049,5,1,"[1055,3340,2031,1036,1042,3009,1028]"
10,2026-08-01T11:20:23.604Z,2,Canyon,Gen.G,7,0,1,1,76,3337,5,0,"[1102,3340,1011,1028]"
10,2026-08-01T11:20:23.604Z,3,Chovy,Gen.G,8,3,1,0,75,3960,5,3,"[1056,3340,1082,2031,1052,1026,3009]"
10,2026-08-01T11:20:23.604Z,4,Ruler,Gen.G,8,0,0,2,94,3802,5,0,"[1055,3340,6690,1001,3134,1029,1036]"
10,2026-08-01T11:20:23.604Z,5,Duro,Gen.G,6,1,1,1,14,2673,8,1,"[3364,1011,3067,2055]"
10,2026-08-01T11:20:23.604Z,6,Siwoo,Dplus KIA,9,1,0,2,91,3941,4,1,"[3340,1055,3047,2031,3044]"
10,2026-08-01T11:20:23.604Z,7,Lucid,Dplus KIA,8,3,0,1,80,4545,7,0,"[1102,3340,6610]"
10,2026-08-01T11:20:23.604Z,8,ShowMaker,Dplus KIA,9,2,2,0,97,4199,3,2,"[1056,1082,2031,1001,6657,2055,3364]"
10,2026-08-01T11:20:23.604Z,9,Smash,Dplus KIA,8,0,1,0,88,3188,4,0,"[1055,3340,3070,3044,1042,1036,1001]"
10,2026-08-01T11:20:23.604Z,10,Career,Dplus KIA,5,0,1,2,16,2597,7,3,"[3364,1001,2031,1028,1028,1036,2055]"
11,2026-08-01T11:21:24.158Z,1,Kiin,Gen.G,8,0,3,0,72,3267,5,1,"[1055,3340,2031,1036,1042,3009,1028]"
11,2026-08-01T11:21:24.158Z,2,Canyon,Gen.G,8,0,1,1,82,3632,6,0,"[1102,2525,3364]"
11,2026-08-01T11:21:24.158Z,3,Chovy,Gen.G,9,3,1,0,93,4406,5,4,"[1056,3340,1082,2031,1052,1026,3009]"
11,2026-08-01T11:21:24.158Z,4,Ruler,Gen.G,8,0,0,2,106,4130,5,0,"[1055,3340,6690,1001,3134,1029,1036]"
11,2026-08-01T11:21:24.158Z,5,Duro,Gen.G,6,1,1,1,14,2833,12,1,"[3364,1011,3067]"
11,2026-08-01T11:21:24.158Z,6,Siwoo,Dplus KIA,9,1,0,2,103,4269,5,1,"[3340,1055,3047,2031,3044,3077]"
11,2026-08-01T11:21:24.158Z,7,Lucid,Dplus KIA,9,3,0,1,88,4854,7,0,"[1102,3340,6610,3111]"
11,2026-08-01T11:21:24.158Z,8,ShowMaker,Dplus KIA,9,2,2,0,106,4559,4,2,"[1056,1082,2031,1001,6657,3364]"
11,2026-08-01T11:21:24.158Z,9,Smash,Dplus KIA,8,0,1,0,100,3516,4,0,"[1055,3340,3070,3044,1042,1036,1001]"
11,2026-08-01T11:21:24.158Z,10,Career,Dplus KIA,6,0,1,2,24,2962,9,7,"[3364,1001,2031,1028,1028,1036,2055]"
12,2026-08-01T11:22:23.915Z,1,Kiin,Gen.G,10,0,3,0,91,3970,5,1,"[1055,3340,2031,1036,1042,3009,1028]"
12,2026-08-01T11:22:23.915Z,2,Canyon,Gen.G,8,0,2,1,82,3752,6,0,"[1102,2525,3364,2055,1029]"
12,2026-08-01T11:22:23.915Z,3,Chovy,Gen.G,9,3,1,0,94,4551,5,4,"[1056,3340,1082,2031,1026,3009,3113]"
12,2026-08-01T11:22:23.915Z,4,Ruler,Gen.G,9,0,0,2,112,4395,6,0,"[1055,1001,1029,3142,3363,2055,2003]"
12,2026-08-01T11:22:23.915Z,5,Duro,Gen.G,6,1,1,1,14,3084,12,1,"[3364,1011,3067,2055]"
12,2026-08-01T11:22:23.915Z,6,Siwoo,Dplus KIA,10,1,0,3,109,4785,5,1,"[3340,1055,3047,2031,3044,3077]"
12,2026-08-01T11:22:23.915Z,7,Lucid,Dplus KIA,9,4,0,1,93,5464,8,1,"[1102,3340,6610,3111]"
12,2026-08-01T11:22:23.915Z,8,ShowMaker,Dplus KIA,10,2,2,1,120,5111,4,2,"[1056,1082,2031,1001,6657,3364]"
12,2026-08-01T11:22:23.915Z,9,Smash,Dplus KIA,9,0,1,0,112,3882,4,0,"[1055,3070,3044,1001,3051,3363,2022]"
12,2026-08-01T11:22:23.915Z,10,Career,Dplus KIA,6,0,1,3,25,3243,11,8,"[3364,1001,2031,1028,2021,1036,2055]"
13,2026-08-01T11:23:23.637Z,1,Kiin,Gen.G,10,0,3,0,102,4313,5,1,"[1055,3340,2031,3009,3044,3051]"
13,2026-08-01T11:23:23.637Z,2,Canyon,Gen.G,8,0,2,1,98,4259,6,2,"[1102,2525,3364,2055,1029]"
13,2026-08-01T11:23:23.637Z,3,Chovy,Gen.G,9,3,1,0,104,4880,5,4,"[1056,3340,1082,2031,1026,3113]"
13,2026-08-01T11:23:23.637Z,4,Ruler,Gen.G,9,0,0,2,122,4993,7,0,"[1055,3142,3363,2003,3047,2055]"
13,2026-08-01T11:23:23.637Z,5,Duro,Gen.G,6,1,1,1,17,3321,15,3,"[3364,1011,3067]"
13,2026-08-01T11:23:23.637Z,6,Siwoo,Dplus KIA,10,1,0,3,117,5101,6,2,"[3340,1055,3047,2031,3044,3077,1042]"
13,2026-08-01T11:23:23.637Z,7,Lucid,Dplus KIA,10,4,0,1,113,6044,8,1,"[3340,6610,3111]"
13,2026-08-01T11:23:23.637Z,8,ShowMaker,Dplus KIA,10,2,2,1,133,5494,4,2,"[1056,1082,2031,6657,3364,3111,2055]"
13,2026-08-01T11:23:23.637Z,9,Smash,Dplus KIA,9,0,1,0,125,4265,5,0,"[1055,3070,3044,1001,3051,3363,2022]"
13,2026-08-01T11:23:23.637Z,10,Career,Dplus KIA,6,0,1,3,29,3491,14,9,"[3364,1001,2031,1028,2021,1036,2055]"
14,2026-08-01T11:24:23.836Z,1,Kiin,Gen.G,11,0,3,1,111,4763,6,1,"[1055,2031,3009,3044,3051,3363,2022]"
14,2026-08-01T11:24:23.836Z,2,Canyon,Gen.G,9,0,2,2,108,4723,7,2,"[2525,3364,3047,2055,1028]"
14,2026-08-01T11:24:23.836Z,3,Chovy,Gen.G,10,3,1,0,111,5119,6,4,"[1056,3340,1082,2031,3100]"
14,2026-08-01T11:24:23.836Z,4,Ruler,Gen.G,10,0,0,2,138,5473,8,0,"[1055,3142,3363,2003,3047]"
14,2026-08-01T11:24:23.836Z,5,Duro,Gen.G,7,2,1,1,17,4067,20,3,"[3364,1011,3067]"
14,2026-08-01T11:24:23.836Z,6,Siwoo,Dplus KIA,11,1,1,3,123,5416,6,2,"[3340,1055,3047,2031,6631]"
14,2026-08-01T11:24:23.836Z,7,Lucid,Dplus KIA,10,4,0,1,121,6385,8,1,"[3340,6610,3111,3044,1028]"
14,2026-08-01T11:24:23.836Z,8,ShowMaker,Dplus KIA,11,2,2,1,140,5829,5,2,"[1056,1082,2031,6657,3364,3111]"
14,2026-08-01T11:24:23.836Z,9,Smash,Dplus KIA,10,0,1,0,137,5182,5,1,"[1055,3070,3363,3078,1036,2055]"
14,2026-08-01T11:24:23.836Z,10,Career,Dplus KIA,7,0,1,3,35,3807,17,12,"[3364,1001,2031,1028,2021,1036]"
15,2026-08-01T11:25:23.802Z,1,Kiin,Gen.G,11,0,3,1,123,5127,6,1,"[1055,2031,3009,3044,3051,3363,3057]"
15,2026-08-01T11:25:23.802Z,2,Canyon,Gen.G,10,0,2,2,115,5079,8,4,"[2525,3364,3047,1028]"
15,2026-08-01T11:25:23.802Z,3,Chovy,Gen.G,10,3,1,0,124,5480,6,5,"[1056,3340,1082,2031,3100]"
15,2026-08-01T11:25:23.802Z,4,Ruler,Gen.G,10,0,1,2,147,5781,9,0,"[1055,3142,3363,3047]"
15,2026-08-01T11:25:23.802Z,5,Duro,Gen.G,7,2,1,1,17,4269,21,3,"[3364,2525,1001,2055,2055]"
15,2026-08-01T11:25:23.802Z,6,Siwoo,Dplus KIA,11,1,1,3,135,5742,7,2,"[1055,3047,2031,6631,3363]"
15,2026-08-01T11:25:23.802Z,7,Lucid,Dplus KIA,11,4,0,2,127,6780,8,2,"[3340,6610,3111,3044,1028]"
15,2026-08-01T11:25:23.802Z,8,ShowMaker,Dplus KIA,11,2,2,1,151,6253,5,3,"[1056,1082,2031,6657,3364,3111,3145]"
15,2026-08-01T11:25:23.802Z,9,Smash,Dplus KIA,10,1,1,0,154,6080,6,1,"[1055,3070,3363,3078,1036]"
15,2026-08-01T11:25:23.802Z,10,Career,Dplus KIA,7,0,1,4,35,4069,17,12,"[3364,1001,2031,1028,2021,1036,2055,2055]"
16,2026-08-01T11:26:23.666Z,1,Kiin,Gen.G,12,0,3,2,135,5619,6,1,"[1055,2031,3009,3363,3078,1028]"
16,2026-08-01T11:26:23.666Z,2,Canyon,Gen.G,11,0,2,2,129,5524,8,4,"[2525,3364,3047,1028]"
16,2026-08-01T11:26:23.666Z,3,Chovy,Gen.G,11,4,1,0,134,6277,7,5,"[1056,3340,1082,2031,3100]"
16,2026-08-01T11:26:23.666Z,4,Ruler,Gen.G,10,0,1,2,153,6056,9,0,"[1055,3142,3363,3047,1018,2055,1042]"
16,2026-08-01T11:26:23.666Z,5,Duro,Gen.G,8,2,1,2,18,4631,23,3,"[3364,2525,1001,2055,2055]"
16,2026-08-01T11:26:23.666Z,6,Siwoo,Dplus KIA,12,1,2,3,144,6058,8,2,"[1055,3047,2031,6631,3363,1036,1028]"
16,2026-08-01T11:26:23.666Z,7,Lucid,Dplus KIA,12,4,0,2,139,7286,9,2,"[6610,3111,3044,1028]"
16,2026-08-01T11:26:23.666Z,8,ShowMaker,Dplus KIA,12,2,2,1,172,7232,5,3,"[1056,1082,2031,6657,3364,3111,3145]"
16,2026-08-01T11:26:23.666Z,9,Smash,Dplus KIA,11,1,1,0,167,6529,6,1,"[1055,3070,3363,3078,3133,1029,1036]"
16,2026-08-01T11:26:23.666Z,10,Career,Dplus KIA,7,0,1,4,37,4360,20,14,"[3364,1001,2031,1028,2021,2055,3133]"
17,2026-08-01T11:27:23.582Z,1,Kiin,Gen.G,13,0,3,2,154,6357,7,1,"[1055,2031,3009,3363,3078,1028]"
17,2026-08-01T11:27:23.582Z,2,Canyon,Gen.G,11,0,2,2,134,5830,8,5,"[2525,3364,3047,1028,1031,2055]"
17,2026-08-01T11:27:23.582Z,3,Chovy,Gen.G,11,4,1,0,139,6536,7,5,"[1056,3340,1082,2031,3100,1058]"
17,2026-08-01T11:27:23.582Z,4,Ruler,Gen.G,11,0,1,2,164,6486,10,0,"[1055,3142,3363,3047,1018,2055,1042]"
17,2026-08-01T11:27:23.582Z,5,Duro,Gen.G,8,2,1,2,18,4863,28,3,"[3364,2525,2055,3158]"
17,2026-08-01T11:27:23.582Z,6,Siwoo,Dplus KIA,12,1,2,3,144,6241,8,2,"[1055,3047,2031,6631,3363,1036,1028]"
17,2026-08-01T11:27:23.582Z,7,Lucid,Dplus KIA,12,4,0,2,144,7609,9,3,"[6610,3111,3044,1028,2055,1037]"
17,2026-08-01T11:27:23.582Z,8,ShowMaker,Dplus KIA,12,2,2,1,188,7790,5,4,"[1056,1082,6657,3364,3111,3145,3067]"
17,2026-08-01T11:27:23.582Z,9,Smash,Dplus KIA,11,1,1,0,183,7086,7,1,"[1055,3070,3363,3078,3133,1029,1036]"
17,2026-08-01T11:27:23.582Z,10,Career,Dplus KIA,8,0,1,4,43,4753,24,15,"[3364,1001,2031,6610]"
18,2026-08-01T11:28:23.847Z,1,Kiin,Gen.G,13,0,3,2,164,6688,8,1,"[1055,3009,3363,3078,2021,1028]"
18,2026-08-01T11:28:23.847Z,2,Canyon,Gen.G,11,0,2,2,146,6251,9,5,"[2525,3364,3047,1028,1031]"
18,2026-08-01T11:28:23.847Z,3,Chovy,Gen.G,11,4,1,0,156,6978,8,5,"[1056,1082,3100,1058,1052,3363]"
18,2026-08-01T11:28:23.847Z,4,Ruler,Gen.G,11,0,1,2,182,6941,10,0,"[1055,3142,3363,3047,1018,2055,3144]"
18,2026-08-01T11:28:23.847Z,5,Duro,Gen.G,8,2,1,2,21,5124,31,6,"[3364,2525,2055,3158,2022]"
18,2026-08-01T11:28:23.847Z,6,Siwoo,Dplus KIA,12,1,2,3,154,6629,9,2,"[1055,3047,2031,6631,3363,3044,2055]"
18,2026-08-01T11:28:23.847Z,7,Lucid,Dplus KIA,12,4,0,2,152,8156,10,3,"[6610,3111,2055,3071]"
18,2026-08-01T11:28:23.847Z,8,ShowMaker,Dplus KIA,12,2,2,1,198,8269,5,7,"[1056,1082,6657,3364,3111,3152,2055,2055]"
18,2026-08-01T11:28:23.847Z,9,Smash,Dplus KIA,12,1,1,0,196,7964,7,2,"[1055,3363,3078,1029,3004,1036,2055]"
18,2026-08-01T11:28:23.847Z,10,Career,Dplus KIA,8,0,1,4,45,5040,27,17,"[3364,1001,2031,6610,2055]"
19,2026-08-01T11:29:23.595Z,1,Kiin,Gen.G,14,1,3,2,177,7514,9,1,"[1055,3009,3363,3078,2021,1028]"
19,2026-08-01T11:29:23.595Z,2,Canyon,Gen.G,12,0,2,2,164,6923,9,7,"[2525,3364,3047,1028,1031]"
19,2026-08-01T11:29:23.595Z,3,Chovy,Gen.G,12,4,1,0,168,7481,8,5,"[1056,1082,3100,1058,3363,3145]"
19,2026-08-01T11:29:23.595Z,4,Ruler,Gen.G,12,0,1,2,192,7431,11,0,"[1055,3142,3363,3047,1018,3144]"
19,2026-08-01T11:29:23.595Z,5,Duro,Gen.G,8,2,1,2,22,5391,34,7,"[3364,2525,3158,2022,2055,2055,1028]"
19,2026-08-01T11:29:23.595Z,6,Siwoo,Dplus KIA,13,1,2,3,170,7074,10,3,"[1055,3047,2031,6631,3363,3044]"
19,2026-08-01T11:29:23.595Z,7,Lucid,Dplus KIA,13,4,0,2,160,8505,11,4,"[6610,3111,3071,1029]"
19,2026-08-01T11:29:23.595Z,8,ShowMaker,Dplus KIA,13,2,2,1,214,8715,7,9,"[1056,1082,6657,3364,3111,3152]"
19,2026-08-01T11:29:23.595Z,9,Smash,Dplus KIA,12,1,1,0,206,8277,8,2,"[1055,3363,3078,1029,3004,1036]"
19,2026-08-01T11:29:23.595Z,10,Career,Dplus KIA,8,0,2,4,45,5216,30,17,"[3364,1001,2031,6610,2055,1028]"
20,2026-08-01T11:30:23.659Z,1,Kiin,Gen.G,14,1,3,2,190,7902,9,1,"[1055,3009,3363,3078,2021,1028,1037]"
20,2026-08-01T11:30:23.659Z,2,Canyon,Gen.G,12,0,2,2,169,7165,10,8,"[2525,3364,3047,1031,3067,1028]"
20,2026-08-01T11:30:23.659Z,3,Chovy,Gen.G,12,4,1,0,179,7849,9,6,"[1056,1082,3100,1058,3363,3145]"
20,2026-08-01T11:30:23.659Z,4,Ruler,Gen.G,12,0,1,2,202,7737,11,0,"[1055,3142,3363,3047,1018,3144,1038,2055]"
20,2026-08-01T11:30:23.659Z,5,Duro,Gen.G,8,2,1,2,24,5642,39,9,"[3364,2525,3158,3067,2055,2055]"
20,2026-08-01T11:30:23.659Z,6,Siwoo,Dplus KIA,13,1,2,3,176,7345,10,3,"[1055,3047,6631,3363,3044,1028,1036]"
20,2026-08-01T11:30:23.659Z,7,Lucid,Dplus KIA,13,4,0,2,165,8777,12,5,"[6610,3111,3071,1029,2055,2055,1036]"
20,2026-08-01T11:30:23.659Z,8,ShowMaker,Dplus KIA,14,2,2,1,223,9038,7,10,"[1082,6657,3364,3111,3152,2055,3147]"
20,2026-08-01T11:30:23.659Z,9,Smash,Dplus KIA,13,1,1,0,224,8838,8,3,"[1055,3363,3078,3004,1036,1036,3047]"
20,2026-08-01T11:30:23.659Z,10,Career,Dplus KIA,8,0,2,4,45,5428,32,17,"[3364,1001,2031,6610,2055,2055,1028]"
21,2026-08-01T11:31:23.613Z,1,Kiin,Gen.G,14,1,3,2,199,8264,9,1,"[1055,3009,3363,3078,2021,1028,1037]"
21,2026-08-01T11:31:23.613Z,2,Canyon,Gen.G,13,0,2,2,176,7468,10,8,"[2525,3364,3047,2055,2502]"
21,2026-08-01T11:31:23.613Z,3,Chovy,Gen.G,13,4,1,0,195,8329,9,6,"[1056,1082,3100,1058,3363,3145]"
21,2026-08-01T11:31:23.613Z,4,Ruler,Gen.G,13,0,2,2,216,8172,12,0,"[1055,3142,3363,3047,1018,3144,1038,2055]"
21,2026-08-01T11:31:23.613Z,5,Duro,Gen.G,8,2,1,2,26,5854,44,11,"[3364,2525,3158,3067,2055]"
21,2026-08-01T11:31:23.613Z,6,Siwoo,Dplus KIA,13,1,2,3,182,7612,11,3,"[1055,3047,6631,3363,3044,1028,1036]"
21,2026-08-01T11:31:23.613Z,7,Lucid,Dplus KIA,13,4,0,3,175,9301,13,7,"[6610,3111,3071,1029,2055,2055,1036]"
21,2026-08-01T11:31:23.613Z,8,ShowMaker,Dplus KIA,15,2,2,1,239,9636,8,10,"[1082,6657,3364,3111,3152,3147]"
21,2026-08-01T11:31:23.613Z,9,Smash,Dplus KIA,14,2,1,0,242,9876,8,3,"[1055,3363,3078,1036,1036,3047]"
21,2026-08-01T11:31:23.613Z,10,Career,Dplus KIA,8,0,2,5,48,5777,37,20,"[3364,1001,2031,6610,1028]"
22,2026-08-01T11:32:23.674Z,1,Kiin,Gen.G,15,1,3,2,211,8616,10,1,"[1055,3009,3363,3078,3053]"
22,2026-08-01T11:32:23.674Z,2,Canyon,Gen.G,13,0,2,2,179,7644,11,9,"[2525,3364,3047,2502]"
22,2026-08-01T11:32:23.674Z,3,Chovy,Gen.G,13,4,2,0,195,8461,9,6,"[1082,3100,3363,1056,4645]"
22,2026-08-01T11:32:23.674Z,4,Ruler,Gen.G,13,0,2,2,224,8483,13,1,"[1055,3142,3363,3047,3097]"
22,2026-08-01T11:32:23.674Z,5,Duro,Gen.G,9,2,1,2,26,6030,47,11,"[3364,2525,3158,3067]"
22,2026-08-01T11:32:23.674Z,6,Siwoo,Dplus KIA,14,1,2,4,190,7931,11,3,"[1055,3047,6631,3363,3044,2021,1042]"
22,2026-08-01T11:32:23.674Z,7,Lucid,Dplus KIA,13,4,0,4,175,9489,15,7,"[6610,3111,3071,1029,1036]"
22,2026-08-01T11:32:23.674Z,8,ShowMaker,Dplus KIA,15,3,2,1,240,10263,8,10,"[1082,6657,3364,3111,3152,3147,3108]"
22,2026-08-01T11:32:23.674Z,9,Smash,Dplus KIA,14,2,1,1,244,10186,8,3,"[1055,3363,3078,1036,1036,3047]"
22,2026-08-01T11:32:23.674Z,10,Career,Dplus KIA,8,0,2,6,48,5999,38,20,"[3364,1001,2031,6610,1028]"
23,2026-08-01T11:33:23.722Z,1,Kiin,Gen.G,15,1,3,2,223,9016,10,3,"[1055,3009,3363,3078,3053]"
23,2026-08-01T11:33:23.722Z,2,Canyon,Gen.G,13,0,2,2,186,7956,11,10,"[2525,3364,3047,2502]"
23,2026-08-01T11:33:23.722Z,3,Chovy,Gen.G,13,4,2,0,205,8790,11,6,"[1082,3100,3363,1056,4645,2055]"
23,2026-08-01T11:33:23.722Z,4,Ruler,Gen.G,13,0,2,2,236,9037,13,1,"[1055,3142,3363,3047,3097]"
23,2026-08-01T11:33:23.722Z,5,Duro,Gen.G,9,2,1,2,26,6206,49,11,"[3364,2525,3158,3067,2055,2055,1033]"
23,2026-08-01T11:33:23.722Z,6,Siwoo,Dplus KIA,14,1,2,4,206,8364,12,3,"[1055,3047,6631,3363,3044,2021,1042]"
23,2026-08-01T11:33:23.722Z,7,Lucid,Dplus KIA,14,4,0,4,184,9886,17,8,"[6610,3111,3071,2055,2019]"
23,2026-08-01T11:33:23.722Z,8,ShowMaker,Dplus KIA,15,3,2,1,251,10596,8,10,"[1082,6657,3364,3111,3152,3147,3108]"
23,2026-08-01T11:33:23.722Z,9,Smash,Dplus KIA,14,2,1,1,254,10545,10,4,"[1055,3363,3078,3047,3134,1037,2055]"
23,2026-08-01T11:33:23.722Z,10,Career,Dplus KIA,9,0,2,6,49,6191,41,20,"[3364,1001,2031,6610,2021,2055]"
24,2026-08-01T11:34:23.817Z,1,Kiin,Gen.G,15,1,3,2,223,9138,11,3,"[1055,3009,3363,3078,3053,1028,1036]"
24,2026-08-01T11:34:23.817Z,2,Canyon,Gen.G,13,0,3,2,187,8135,11,10,"[2525,3364,3047,2502,2055,2055,1033]"
24,2026-08-01T11:34:23.817Z,3,Chovy,Gen.G,14,4,2,0,221,9228,12,6,"[1082,3100,3363,1056,4645]"
24,2026-08-01T11:34:23.817Z,4,Ruler,Gen.G,14,0,2,2,249,9476,14,2,"[1055,3142,3363,3047,3097]"
24,2026-08-01T11:34:23.817Z,5,Duro,Gen.G,9,2,1,2,27,6418,53,12,"[3364,2525,3158,3067,1033]"
24,2026-08-01T11:34:23.817Z,6,Siwoo,Dplus KIA,14,1,2,4,217,8719,12,3,"[1055,3047,6631,3363,3044,2021,1042]"
24,2026-08-01T11:34:23.817Z,7,Lucid,Dplus KIA,14,4,0,5,192,10340,18,8,"[6610,3111,3071,2019]"
24,2026-08-01T11:34:23.817Z,8,ShowMaker,Dplus KIA,15,3,2,2,252,10836,8,11,"[1082,6657,3364,3111,3152,3147,3108]"
24,2026-08-01T11:34:23.817Z,9,Smash,Dplus KIA,14,2,1,1,265,10930,11,5,"[1055,3363,3078,3047,3134,1037]"
24,2026-08-01T11:34:23.817Z,10,Career,Dplus KIA,9,1,2,6,50,6752,44,21,"[3364,1001,2031,6610,2021,2055,2055,1028]"
25,2026-08-01T11:35:23.688Z,1,Kiin,Gen.G,15,2,3,2,229,9747,11,3,"[1055,3009,3363,3078,3053,3044,2055]"
25,2026-08-01T11:35:23.688Z,2,Canyon,Gen.G,14,0,3,2,201,8594,11,10,"[2525,3364,3047,2502,2055,2055,1033]"
25,2026-08-01T11:35:23.688Z,3,Chovy,Gen.G,14,4,2,0,228,9517,13,6,"[1082,3100,3363,1056,4645]"
25,2026-08-01T11:35:23.688Z,4,Ruler,Gen.G,14,0,2,2,263,9907,14,2,"[1055,3142,3363,3047,3097,3086,1042]"
25,2026-08-01T11:35:23.688Z,5,Duro,Gen.G,10,2,1,3,27,6794,57,12,"[3364,2525,3158,3067,1033,2055,1029]"
25,2026-08-01T11:35:23.688Z,6,Siwoo,Dplus KIA,15,1,3,4,220,9049,12,4,"[1055,3047,6631,3363,3073,1036,2055]"
25,2026-08-01T11:35:23.688Z,7,Lucid,Dplus KIA,15,4,0,5,210,11069,18,8,"[6610,3111,3071,2019,1038,2055]"
25,2026-08-01T11:35:23.688Z,8,ShowMaker,Dplus KIA,16,3,2,2,261,11354,8,12,"[1082,6657,3364,3111,3152,8010,2055,2055]"
25,2026-08-01T11:35:23.688Z,9,Smash,Dplus KIA,15,2,1,1,280,11762,11,6,"[1055,3363,3078,3047,6676,2055,2055]"
25,2026-08-01T11:35:23.688Z,10,Career,Dplus KIA,10,1,2,6,52,7139,50,23,"[3364,1001,2031,6610,2021,2055,1028]"
26,2026-08-01T11:36:23.615Z,1,Kiin,Gen.G,16,3,3,2,249,11014,12,3,"[1055,3009,3363,3078,3053,3044]"
26,2026-08-01T11:36:23.615Z,2,Canyon,Gen.G,15,0,3,3,212,9203,12,10,"[2525,3364,3047,2502,2055,1033]"
26,2026-08-01T11:36:23.615Z,3,Chovy,Gen.G,14,4,2,0,232,9718,13,6,"[1082,3100,3363,1056,4645,1058]"
26,2026-08-01T11:36:23.615Z,4,Ruler,Gen.G,14,0,2,2,274,10294,14,2,"[1055,3142,3363,3047,3097,3086,1042]"
26,2026-08-01T11:36:23.615Z,5,Duro,Gen.G,10,2,1,3,27,6976,60,12,"[3364,2525,3158,3067,1033,2055,1029]"
26,2026-08-01T11:36:23.615Z,6,Siwoo,Dplus KIA,15,1,3,4,226,9350,14,4,"[1055,3047,6631,3363,3073,1036]"
26,2026-08-01T11:36:23.615Z,7,Lucid,Dplus KIA,16,4,0,5,225,11675,19,9,"[6610,3111,3071,2019,1038]"
26,2026-08-01T11:36:23.615Z,8,ShowMaker,Dplus KIA,16,3,3,2,265,11582,9,12,"[1082,6657,3364,3111,3152,8010,2055]"
26,2026-08-01T11:36:23.615Z,9,Smash,Dplus KIA,16,2,1,1,297,12427,12,6,"[1055,3363,3078,3047,6676,2055]"
26,2026-08-01T11:36:23.615Z,10,Career,Dplus KIA,10,1,2,6,53,7415,50,24,"[3364,1001,2031,6610,2021,2055,2055,1028]"
27,2026-08-01T11:37:23.874Z,1,Kiin,Gen.G,16,4,4,2,253,11963,14,3,"[1055,3009,3363,3078,3053,3071]"
27,2026-08-01T11:37:23.874Z,2,Canyon,Gen.G,15,0,3,3,213,9365,13,11,"[2525,3364,3047,2502,3211,1028]"
27,2026-08-01T11:37:23.874Z,3,Chovy,Gen.G,15,4,2,0,250,10301,13,7,"[1082,3100,3363,1056,4645,1058]"
27,2026-08-01T11:37:23.874Z,4,Ruler,Gen.G,15,0,2,2,287,10772,14,3,"[1055,3142,3363,3047,3097,3086,1042]"
27,2026-08-01T11:37:23.874Z,5,Duro,Gen.G,11,2,2,4,27,7352,64,12,"[3364,2525,3158,3067,1033,1029]"
27,2026-08-01T11:37:23.874Z,6,Siwoo,Dplus KIA,15,1,3,4,236,9719,14,4,"[1055,3047,6631,3363,3073,1036]"
27,2026-08-01T11:37:23.874Z,7,Lucid,Dplus KIA,16,5,0,6,233,12507,23,9,"[6610,3111,3071,3026]"
27,2026-08-01T11:37:23.874Z,8,ShowMaker,Dplus KIA,16,4,3,3,265,12156,9,12,"[1082,6657,3364,3111,3152,8010,1011]"
27,2026-08-01T11:37:23.874Z,9,Smash,Dplus KIA,16,2,1,3,302,12980,12,6,"[1055,3363,3078,3047,6676,2055,1036]"
27,2026-08-01T11:37:23.874Z,10,Career,Dplus KIA,10,1,3,7,53,7723,53,24,"[3364,1001,6610,2021,2055,1028,1037]"
28,2026-08-01T11:38:24.137Z,1,Kiin,Gen.G,17,4,4,2,258,12217,14,3,"[1055,3009,3363,3078,3053,3071,2055]"
28,2026-08-01T11:38:24.137Z,2,Canyon,Gen.G,15,0,3,4,217,9724,13,11,"[2525,3364,3047,2502,3211,1028,2055,2055]"
28,2026-08-01T11:38:24.137Z,3,Chovy,Gen.G,15,5,3,0,250,10825,13,7,"[1082,3100,3363,4645,1058,1058]"
28,2026-08-01T11:38:24.137Z,4,Ruler,Gen.G,15,0,2,3,301,11432,14,3,"[1055,3142,3363,3047,3097,3094,1036,2055,2055]"
28,2026-08-01T11:38:24.137Z,5,Duro,Gen.G,11,2,2,4,28,7566,65,13,"[3364,2525,3158,3190,2055,2055]"
28,2026-08-01T11:38:24.137Z,6,Siwoo,Dplus KIA,16,1,3,4,249,10352,15,4,"[1055,3047,6631,3073,3133,1037,3364]"
28,2026-08-01T11:38:24.137Z,7,Lucid,Dplus KIA,17,5,0,7,241,13113,23,9,"[6610,3111,3071,3026,2055,2055,3155]"
28,2026-08-01T11:38:24.137Z,8,ShowMaker,Dplus KIA,16,4,4,4,265,12383,9,12,"[6657,3364,3111,3152,8010,1011,1026]"
28,2026-08-01T11:38:24.137Z,9,Smash,Dplus KIA,16,3,1,3,318,13982,13,9,"[1055,3363,3078,3047,6676,2055,2055,3035]"
28,2026-08-01T11:38:24.137Z,10,Career,Dplus KIA,10,1,3,7,53,7902,55,24,"[3364,1001,6610,2021,2055,1028,1037]"
29,2026-08-01T11:39:23.762Z,1,Kiin,Gen.G,17,4,5,4,274,12800,16,3,"[1055,3009,3363,3078,3053,3071]"
29,2026-08-01T11:39:23.762Z,2,Canyon,Gen.G,15,0,3,5,220,9983,14,14,"[2525,3364,3047,2502,3211,1028,2055]"
29,2026-08-01T11:39:23.762Z,3,Chovy,Gen.G,15,7,4,0,257,11793,14,7,"[1082,3100,3363,4645,1058,1058]"
29,2026-08-01T11:39:23.762Z,4,Ruler,Gen.G,15,0,2,5,306,11866,15,4,"[1055,3142,3363,3047,3097,3094,1036,2055]"
29,2026-08-01T11:39:23.762Z,5,Duro,Gen.G,11,2,2,6,28,7856,70,13,"[3364,2525,3158,3190]"
29,2026-08-01T11:39:23.762Z,6,Siwoo,Dplus KIA,17,1,4,5,258,10692,15,4,"[1055,3047,6631,3073,3133,1037,3364]"
29,2026-08-01T11:39:23.762Z,7,Lucid,Dplus KIA,17,5,0,8,253,13559,25,9,"[6610,3111,3071,3026,2055,3155]"
29,2026-08-01T11:39:23.762Z,8,ShowMaker,Dplus KIA,17,4,4,6,266,12588,9,13,"[6657,3364,3111,3152,8010,1011,1026]"
29,2026-08-01T11:39:23.762Z,9,Smash,Dplus KIA,17,5,1,3,331,14916,15,10,"[1055,3363,3078,3047,6676,3035]"
29,2026-08-01T11:39:23.762Z,10,Career,Dplus KIA,11,1,4,8,56,8221,59,27,"[3364,1001,6610,2021,1028,1037]"
30,2026-08-01T11:40:23.670Z,1,Kiin,Gen.G,17,4,5,4,274,12923,16,3,"[1055,3009,3363,3078,3053,3071,3044]"
30,2026-08-01T11:40:23.670Z,2,Canyon,Gen.G,15,0,4,5,220,10106,15,14,"[2525,3364,3047,2502,3211,2055,2055,3067]"
30,2026-08-01T11:40:23.670Z,3,Chovy,Gen.G,15,7,4,0,257,11926,14,7,"[1082,3100,3363,4645,3089,2055]"
30,2026-08-01T11:40:23.670Z,4,Ruler,Gen.G,16,0,2,5,321,12367,16,4,"[1055,3142,3363,3047,3097,3094,1036,1018]"
30,2026-08-01T11:40:23.670Z,5,Duro,Gen.G,11,2,3,6,28,8033,71,13,"[3364,2525,3158,3190,2055,1028]"
30,2026-08-01T11:40:23.670Z,6,Siwoo,Dplus KIA,17,1,4,5,258,10819,15,4,"[1055,3047,6631,3073,3133,1037,3364]"
30,2026-08-01T11:40:23.670Z,7,Lucid,Dplus KIA,18,5,0,10,258,14144,26,9,"[6610,3111,3071,3026,3155,2055,2055]"
30,2026-08-01T11:40:23.670Z,8,ShowMaker,Dplus KIA,17,5,4,7,266,13290,9,13,"[6657,3364,3111,3152,8010,3116,2055]"
30,2026-08-01T11:40:23.670Z,9,Smash,Dplus KIA,17,6,1,4,348,16521,16,10,"[1055,3363,3078,3047,6676,3035]"
30,2026-08-01T11:40:23.670Z,10,Career,Dplus KIA,11,1,4,8,56,8397,62,27,"[3364,1001,6610,3053,2055]"
31,2026-08-01T11:41:23.882Z,1,Kiin,Gen.G,18,4,5,4,281,13210,16,3,"[1055,3009,3363,3078,3053,3071,3044]"
31,2026-08-01T11:41:23.882Z,2,Canyon,Gen.G,15,0,4,5,226,10398,15,14,"[2525,3364,3047,2502,3211,2055,2055,3067]"
31,2026-08-01T11:41:23.882Z,3,Chovy,Gen.G,15,7,4,0,263,12193,16,9,"[1082,3100,3363,4645,3089]"
31,2026-08-01T11:41:23.882Z,4,Ruler,Gen.G,16,0,2,5,334,12853,16,4,"[1055,3142,3363,3047,3097,3094,1018,3123]"
31,2026-08-01T11:41:23.882Z,5,Duro,Gen.G,11,2,3,6,31,8304,74,16,"[3364,2525,3158,3190,2055,1028]"
31,2026-08-01T11:41:23.882Z,6,Siwoo,Dplus KIA,17,1,4,5,270,11260,15,5,"[1055,3047,6631,3073,3133,1037,3364]"
31,2026-08-01T11:41:23.882Z,7,Lucid,Dplus KIA,18,5,0,10,268,14516,28,11,"[6610,3111,3071,3026,3155,2055]"
31,2026-08-01T11:41:23.882Z,8,ShowMaker,Dplus KIA,17,5,4,7,275,13622,10,14,"[6657,3364,3111,3152,8010,3116]"
31,2026-08-01T11:41:23.882Z,9,Smash,Dplus KIA,17,6,1,4,353,17044,16,10,"[3363,3078,3047,6676,3036,1038,1055]"
31,2026-08-01T11:41:23.882Z,10,Career,Dplus KIA,11,1,4,8,56,8649,67,27,"[3364,1001,6610,3053]"
32,2026-08-01T11:42:23.808Z,1,Kiin,Gen.G,18,4,5,4,282,13362,17,4,"[1055,3009,3363,3078,3053,3071,3044]"
32,2026-08-01T11:42:23.808Z,2,Canyon,Gen.G,16,0,4,5,230,10645,17,16,"[2525,3364,3047,2502,3211,3067]"
32,2026-08-01T11:42:23.808Z,3,Chovy,Gen.G,15,7,4,0,264,12350,16,9,"[1082,3100,3363,4645,3089]"
32,2026-08-01T11:42:23.808Z,4,Ruler,Gen.G,16,0,2,5,339,13122,16,4,"[1055,3142,3363,3047,3097,3094,1018,3123]"
32,2026-08-01T11:42:23.808Z,5,Duro,Gen.G,11,2,3,6,31,8480,78,16,"[3364,2525,3158,3190,2055,3067]"
32,2026-08-01T11:42:23.808Z,6,Siwoo,Dplus KIA,17,1,4,5,272,11622,15,5,"[1055,3047,6631,3073,3133,1037,3364]"
32,2026-08-01T11:42:23.808Z,7,Lucid,Dplus KIA,18,5,0,10,272,14918,30,11,"[6610,3111,3071,3026,3155]"
32,2026-08-01T11:42:23.808Z,8,ShowMaker,Dplus KIA,17,5,4,7,277,13938,10,15,"[6657,3364,3111,3152,8010,3116]"
32,2026-08-01T11:42:23.808Z,9,Smash,Dplus KIA,18,6,1,4,362,17629,17,10,"[3363,3078,3047,6676,3036,1038,1055]"
32,2026-08-01T11:42:23.808Z,10,Career,Dplus KIA,12,1,4,8,58,9030,69,29,"[3364,1001,6610,3053]"
33,2026-08-01T11:43:24.143Z,1,Kiin,Gen.G,18,4,6,4,283,13557,17,4,"[1055,3009,3363,3078,3053,3071,2021]"
33,2026-08-01T11:43:24.143Z,2,Canyon,Gen.G,16,1,4,5,230,11890,17,16,"[2525,3364,3047,2502,3065,2055,2055]"
33,2026-08-01T11:43:24.143Z,3,Chovy,Gen.G,16,7,4,1,268,12698,16,9,"[1082,3100,3363,4645,3089]"
33,2026-08-01T11:43:24.143Z,4,Ruler,Gen.G,16,0,3,5,342,13357,16,4,"[1055,3142,3363,3047,3097,3094,1018,3123]"
33,2026-08-01T11:43:24.143Z,5,Duro,Gen.G,12,2,4,7,31,8765,80,16,"[3364,2525,3158,3190,3067,2055,1029]"
33,2026-08-01T11:43:24.143Z,6,Siwoo,Dplus KIA,18,2,4,5,280,12715,15,5,"[1055,3047,6631,3073,3364,6333,2055]"
33,2026-08-01T11:43:24.143Z,7,Lucid,Dplus KIA,18,5,1,13,273,15740,30,11,"[6610,3111,3071,3026,3155]"
33,2026-08-01T11:43:24.143Z,8,ShowMaker,Dplus KIA,18,6,4,8,279,14656,10,15,"[6657,3364,3111,3152,8010,3116]"
33,2026-08-01T11:43:24.143Z,9,Smash,Dplus KIA,18,7,1,6,368,18817,17,10,"[3363,3078,3047,6676,3036,1038,1055]"
33,2026-08-01T11:43:24.143Z,10,Career,Dplus KIA,13,1,4,10,62,9646,69,30,"[3364,1001,6610,3053]"
34,2026-08-01T11:43:29.795Z,1,Kiin,Gen.G,18,4,6,4,283,13569,17,4,"[1055,3009,3363,3078,3053,3071,2021]"
34,2026-08-01T11:43:29.795Z,2,Canyon,Gen.G,16,1,4,5,230,11902,17,16,"[2525,3364,3047,2502,3065,2055,2055]"
34,2026-08-01T11:43:29.795Z,3,Chovy,Gen.G,16,7,4,1,268,12710,16,9,"[1082,3100,3363,4645,3089]"
34,2026-08-01T11:43:29.795Z,4,Ruler,Gen.G,16,0,3,5,342,13369,16,4,"[1055,3142,3363,3047,3097,3094,1018,3123]"
34,2026-08-01T11:43:29.795Z,5,Duro,Gen.G,12,2,4,7,31,8782,80,16,"[3364,2525,3158,3190,3067,2055,1029]"
34,2026-08-01T11:43:29.795Z,6,Siwoo,Dplus KIA,18,2,4,5,280,12727,16,5,"[1055,3047,6631,3073,3364,6333]"
34,2026-08-01T11:43:29.795Z,7,Lucid,Dplus KIA,18,5,1,13,273,15752,30,11,"[6610,3111,3071,3026,3155]"
34,2026-08-01T11:43:29.795Z,8,ShowMaker,Dplus KIA,18,6,4,8,279,14668,10,15,"[6657,3364,3111,3152,8010,3116]"
34,2026-08-01T11:43:29.795Z,9,Smash,Dplus KIA,18,7,1,6,370,18861,17,10,"[3363,3078,3047,6676,3036,1038,1055]"
34,2026-08-01T11:43:29.795Z,10,Career,Dplus KIA,13,1,4,10,62,9664,69,30,"[3364,1001,6610,3053]"
